name,email
Chloe Vinten,cvinten0@bloglovin.com
Townie Arnley,tarnley1@geocities.jp
Garnet Lamden,glamden2@google.it
Dana Chatburn,dchatburn3@printfriendly.com
Adan Gypson,agypson4@sitemeter.com
Lancelot Beet,lbeet5@cbc.ca
Tisha Pering,tpering6@about.me
Donni Janas,djanas7@kickstarter.com
Bonnibelle Viall,bviall8@usnews.com
Shannan Tebbs,stebbs9@wikimedia.org
Luce Urling,lurlinga@studiopress.com
Cecilla Cubbinelli,ccubbinellib@dailymotion.com
Aymer Roiz,aroizc@google.fr
Cecil Hoyes,choyesd@liveinternet.ru
Cathryn Rigney,crigneye@webs.com
Drucy Checkley,dcheckleyf@bloglovin.com
Darell Neesam,dneesamg@ed.gov
Hilario Charlesworth,hcharlesworthh@salon.com
Whittaker Stobbs,wstobbsi@ucla.edu
Archaimbaud Greenstock,agreenstockj@home.pl
Faulkner Uwins,fuwinsk@dot.gov
Almire Coite,acoitel@independent.co.uk
Claire Lawlie,clawliem@simplemachines.org
Cosimo Rampton,cramptonn@paginegialle.it
Kristine Kneath,kkneatho@mapquest.com
Frazer Seiler,fseilerp@networksolutions.com
Kerrill Priest,kpriestq@weather.com
Eduardo Dadge,edadger@a8.net
Opalina Westmore,owestmores@is.gd
Goraud Horsted,ghorstedt@upenn.edu
Timmy Philpott,tphilpottu@samsung.com
Barbara Gwilliam,bgwilliamv@wikimedia.org
Lamond Quest,lquestw@umn.edu
Jessey Campa,jcampax@sciencedaily.com
Suzann Elam,selamy@zimbio.com
Salli Francescotti,sfrancescottiz@cdc.gov
Juanita Tolcher,jtolcher10@hhs.gov
Rozele Redd,rredd11@redcross.org
Baxter King,bking12@washington.edu
Maggi Espino,mespino13@senate.gov
Kristoffer Mainland,kmainland14@amazon.com
Mommy Stanning,mstanning15@yellowbook.com
Cilka Clapp,cclapp16@qq.com
Rachelle Shepard,rshepard17@studiopress.com
Emanuele Ottewill,eottewill18@skyrock.com
Gerti Davis,gdavis19@usa.gov
Shell Niblo,sniblo1a@blogspot.com
Don de Aguirre,dde1b@163.com
Leoline Boughtflower,lboughtflower1c@wix.com
Cathie Lambertson,clambertson1d@wired.com
De witt Bottoms,dwitt1e@army.mil
Connie McComiskey,cmccomiskey1f@ovh.net
Erhard De Michele,ede1g@theatlantic.com
Kenton Nursey,knursey1h@nba.com
Diego Autin,dautin1i@gnu.org
Massimiliano Kubelka,mkubelka1j@storify.com
Cyrill Verick,cverick1k@addtoany.com
De witt Rault,dwitt1l@dedecms.com
Raynard Gillford,rgillford1m@netscape.com
Jon Pym,jpym1n@icq.com
Jonathon Bernet,jbernet1o@comcast.net
Janette Craister,jcraister1p@spotify.com
Toby Benedicto,tbenedicto1q@networksolutions.com
Marnia Dict,mdict1r@alexa.com
Donica Enderby,denderby1s@ocn.ne.jp
Joyous Sempill,jsempill1t@princeton.edu
Karissa Luckie,kluckie1u@msu.edu
Douglass Bachelor,dbachelor1v@china.com.cn
Gregor Laing,glaing1w@weebly.com
Fraser Airey,fairey1x@dailymail.co.uk
Chere Dun,cdun1y@indiatimes.com
Julianna Rubinovici,jrubinovici1z@springer.com
Timmi Chawner,tchawner20@omniture.com
Marjorie Delacourt,mdelacourt21@dailymail.co.uk
Jacynth Gunner,jgunner22@patch.com
Dayle Strugnell,dstrugnell23@ifeng.com
Juliane Baulch,jbaulch24@geocities.jp
Cosimo Baigent,cbaigent25@nifty.com
Renault Lewinton,rlewinton26@forbes.com
Lorrie Holbie,lholbie27@independent.co.uk
Loleta Karpushkin,lkarpushkin28@msu.edu
Mervin Rowan,mrowan29@linkedin.com
Ursulina Clewarth,uclewarth2a@tinypic.com
Karola McColm,kmccolm2b@51.la
Garth Rapier,grapier2c@ehow.com
Joey Briffett,jbriffett2d@flickr.com
Joannes Paolozzi,jpaolozzi2e@apache.org
Curt Entissle,centissle2f@shinystat.com
Francklin Mertel,fmertel2g@craigslist.org
Madonna Treadway,mtreadway2h@elegantthemes.com
Carver Hansill,chansill2i@hubpages.com
Nikolos Imlen,nimlen2j@hibu.com
Cornie Dungate,cdungate2k@gizmodo.com
Van Lade,vlade2l@goodreads.com
Talia Rogliero,trogliero2m@nytimes.com
Georgeta Siddaley,gsiddaley2n@flickr.com
Ingamar Levet,ilevet2o@forbes.com
Hailee Regis,hregis2p@dedecms.com
Cleveland Toner,ctoner2q@arstechnica.com
Trudi Molfino,tmolfino2r@nba.com
